1stFlrSF,0.01803283475668118
2ndFlrSF,6.108503774274317e-11
Alley$Grvl,0.026346825455716292
BedroomAbvGr,-0.02043749560078317
BldgType$1Fam,0.04321629783727441
BsmtCond$Fa,-0.09482915031369324
BsmtExposure$Av,0.002518547385451748
BsmtExposure$Gd,0.0634192475818646
BsmtExposure$No,-0.017525328527860463
BsmtFinSF1,-7.485042100019434e-12
BsmtFinType1$BLQ,0.00825324743949561
BsmtFinType1$GLQ,0.031507252935591805
BsmtFinType1$Rec,0.0065326585651782326
BsmtFullBath,0.0023092356812852294
BsmtQual$Ex,0.3193965233701003
BsmtQual$Fa,0.189022495045605
BsmtQual$Gd,0.2504471934532264
BsmtQual$TA,0.2104585592266932
BsmtUnfSF,-0.0015321388749186815
CentralAir$Y,0.10895320440024751
Electrical$FuseA,0.012513532236637445
Electrical$FuseF,0.03041101078006026
EnclosedPorch,0.0008244616297035439
ExterCond$Fa,-0.11895061889097366
ExterQual$Ex,0.05475171127357421
ExterQual$Gd,0.03742436804977661
Exterior1st$CemntBd,-0.04692007439048712
Exterior1st$MetalSd,0.021004264560756703
Exterior1st$VinylSd,0.006377448181408205
Exterior2nd$Wd Sdng,0.01741337669151377
Fence$MnPrv,-0.014305600635262913
FireplaceQu$Ex,0.004403192793665956
FireplaceQu$Gd,0.012040913981193375
FireplaceQu$TA,0.0026794492003393016
Fireplaces,0.04632083979930211
Foundation$BrkTil,0.006179780006952647
Foundation$PConc,0.026500270700637082
FullBath,0.1135387282437778
GarageArea,0.06924099385679806
GarageCond$Fa,-0.02964693001462103
GarageFinish$Fin,0.2193833194257841
GarageFinish$RFn,0.20195753474001688
GarageFinish$Unf,0.19965025220125251
GarageQual$Fa,-0.11843224457395672
GarageQual$TA,-0.09646262387946353
GarageType$Attchd,0.06937457458449468
GarageType$BuiltIn,0.046745278042449434
GarageType$Detchd,0.06930269620246013
GarageYrBlt,-3.2634602128989165e-07
HalfBath,0.006210489738016904
HeatingQC$Ex,0.15509249473391132
HeatingQC$Fa,0.10722254914534494
HeatingQC$Gd,0.12827736263532752
HeatingQC$TA,0.1283031599272279
KitchenAbvGr,-0.050653088678382314
KitchenQual$Ex,0.11963480798027917
KitchenQual$Fa,0.023950511160829486
KitchenQual$Gd,0.03421773193429695
LandContour$HLS,0.05300799747041734
LotArea,0.07075910295649111
LotConfig$CulDSac,0.030395640198773787
LotFrontage,-6.52543760693014e-09
LotShape$IR2,0.006060600929111458
LotShape$Reg,0.014138282185896217
MSSubClass$1-1/2 STORY FINISHED ALL AGES,-0.0023502794917688976
MSSubClass$1-STORY 1945 & OLDER,-0.18172885744825706
MSSubClass$2-STORY 1946 & NEWER,0.016204251399864585
MSZoning$RM,-0.010045896978811418
MasVnrArea,2.3963834333562417e-08
MasVnrType$None,-0.009702035335045125
MasVnrType$Stone,0.013769784058241148
Neighborhood$BrkSide,0.005087126459350033
Neighborhood$Edwards,-0.09573966459987993
Neighborhood$IDOTRR,-0.10180354628092463
Neighborhood$NAmes,-0.06168654312279288
Neighborhood$NoRidge,0.10462088604211488
Neighborhood$NridgHt,0.12063021444294769
Neighborhood$OldTown,-0.08098544486103433
Neighborhood$Sawyer,-0.08289934450630229
Neighborhood$Somerst,0.11596620907536619
Neighborhood$StoneBr,0.18578036793143474
Neighborhood$Timber,-0.0018524994775568646
OpenPorchSF,0.001038713692087266
PavedDrive$Y,0.04273932781111474
PoolQC$Ex,-0.02405092464640901
RoofMatl$WdShngl,0.10895153358550598
RoofStyle$Gable,-0.007694047002657335
SaleCondition$Normal,0.07609294356439131
SaleCondition$Partial,0.08299535631077985
SaleType$WD,-0.017075010622717636
TotRmsAbvGrd,0.10755992692692348
WoodDeckSF,0.0007896888020548776
YearBuilt,-0.14037241610868478
YearRemodAdd,1.5748369969204035e-10
